,pop,month,day,hours,city,city_id
700,0.37,6,21,9,Gorges du Verdon,101828497
695,0.2,6,20,18,Gorges du Verdon,101828497
692,0.86,6,20,9,Gorges du Verdon,101828497
684,0.0,6,19,9,Gorges du Verdon,101828497
685,0.2,6,19,12,Gorges du Verdon,101828497
693,0.0,6,20,12,Gorges du Verdon,101828497
701,0.14,6,21,12,Gorges du Verdon,101828497
708,0.0,6,22,9,Gorges du Verdon,101828497
709,0.0,6,22,12,Gorges du Verdon,101828497
686,1.0,6,19,15,Gorges du Verdon,101828497
694,0.0,6,20,15,Gorges du Verdon,101828497
702,0.0,6,21,15,Gorges du Verdon,101828497
710,0.0,6,22,15,Gorges du Verdon,101828497
718,0.0,6,23,15,Gorges du Verdon,101828497
687,0.93,6,19,18,Gorges du Verdon,101828497
717,0.0,6,23,12,Gorges du Verdon,101828497
716,0.0,6,23,9,Gorges du Verdon,101828497
703,0.0,6,21,18,Gorges du Verdon,101828497
711,0.0,6,22,18,Gorges du Verdon,101828497
719,0.0,6,23,18,Gorges du Verdon,101828497
756,0.0,6,23,9,Bormes-les-Mimosas,101877567
759,0.0,6,23,18,Bormes-les-Mimosas,101877567
758,0.0,6,23,15,Bormes-les-Mimosas,101877567
750,0.0,6,22,15,Bormes-les-Mimosas,101877567
742,0.0,6,21,15,Bormes-les-Mimosas,101877567
734,0.0,6,20,15,Bormes-les-Mimosas,101877567
726,0.28,6,19,15,Bormes-les-Mimosas,101877567
751,0.0,6,22,18,Bormes-les-Mimosas,101877567
743,0.0,6,21,18,Bormes-les-Mimosas,101877567
757,0.0,6,23,12,Bormes-les-Mimosas,101877567
749,0.0,6,22,12,Bormes-les-Mimosas,101877567
741,0.0,6,21,12,Bormes-les-Mimosas,101877567
725,0.0,6,19,12,Bormes-les-Mimosas,101877567
733,0.0,6,20,12,Bormes-les-Mimosas,101877567
727,0.04,6,19,18,Bormes-les-Mimosas,101877567
748,0.0,6,22,9,Bormes-les-Mimosas,101877567
740,0.0,6,21,9,Bormes-les-Mimosas,101877567
732,0.32,6,20,9,Bormes-les-Mimosas,101877567
724,0.0,6,19,9,Bormes-les-Mimosas,101877567
735,0.0,6,20,18,Bormes-les-Mimosas,101877567
887,0.0,6,19,18,Avignon,102193665
884,0.0,6,19,9,Avignon,102193665
892,1.0,6,20,9,Avignon,102193665
900,0.0,6,21,9,Avignon,102193665
911,0.0,6,22,18,Avignon,102193665
919,0.0,6,23,18,Avignon,102193665
908,0.0,6,22,9,Avignon,102193665
916,0.0,6,23,9,Avignon,102193665
909,0.0,6,22,12,Avignon,102193665
903,0.0,6,21,18,Avignon,102193665
917,0.0,6,23,12,Avignon,102193665
895,0.0,6,20,18,Avignon,102193665
901,0.0,6,21,12,Avignon,102193665
918,0.0,6,23,15,Avignon,102193665
910,0.02,6,22,15,Avignon,102193665
885,0.0,6,19,12,Avignon,102193665
902,0.0,6,21,15,Avignon,102193665
894,0.0,6,20,15,Avignon,102193665
886,0.0,6,19,15,Avignon,102193665
893,0.99,6,20,12,Avignon,102193665
983,0.0,6,21,18,Nîmes,102307633
989,0.0,6,22,12,Nîmes,102307633
981,0.0,6,21,12,Nîmes,102307633
973,1.0,6,20,12,Nîmes,102307633
965,0.2,6,19,12,Nîmes,102307633
982,0.0,6,21,15,Nîmes,102307633
974,0.1,6,20,15,Nîmes,102307633
966,0.0,6,19,15,Nîmes,102307633
998,0.0,6,23,15,Nîmes,102307633
999,0.0,6,23,18,Nîmes,102307633
991,0.0,6,22,18,Nîmes,102307633
967,0.0,6,19,18,Nîmes,102307633
975,0.06,6,20,18,Nîmes,102307633
996,0.0,6,23,9,Nîmes,102307633
988,0.0,6,22,9,Nîmes,102307633
997,0.0,6,23,12,Nîmes,102307633
980,0.0,6,21,9,Nîmes,102307633
972,1.0,6,20,9,Nîmes,102307633
964,0.0,6,19,9,Nîmes,102307633
990,0.2,6,22,15,Nîmes,102307633
798,0.0,6,23,15,Cassis,102437647
764,0.0,6,19,9,Cassis,102437647
796,0.0,6,23,9,Cassis,102437647
772,0.96,6,20,9,Cassis,102437647
780,0.0,6,21,9,Cassis,102437647
788,0.0,6,22,9,Cassis,102437647
790,0.0,6,22,15,Cassis,102437647
775,0.0,6,20,18,Cassis,102437647
782,0.0,6,21,15,Cassis,102437647
765,0.0,6,19,12,Cassis,102437647
773,0.0,6,20,12,Cassis,102437647
781,0.0,6,21,12,Cassis,102437647
799,0.0,6,23,18,Cassis,102437647
791,0.0,6,22,18,Cassis,102437647
789,0.0,6,22,12,Cassis,102437647
767,0.85,6,19,18,Cassis,102437647
797,0.0,6,23,12,Cassis,102437647
783,0.0,6,21,18,Cassis,102437647
774,0.2,6,20,15,Cassis,102437647
766,0.71,6,19,15,Cassis,102437647
1076,0.0,6,23,9,Saintes-Maries-de-la-Mer,102529062
1068,0.0,6,22,9,Saintes-Maries-de-la-Mer,102529062
1060,0.0,6,21,9,Saintes-Maries-de-la-Mer,102529062
1071,0.0,6,22,18,Saintes-Maries-de-la-Mer,102529062
1078,0.0,6,23,15,Saintes-Maries-de-la-Mer,102529062
1044,0.0,6,19,9,Saintes-Maries-de-la-Mer,102529062
1045,0.0,6,19,12,Saintes-Maries-de-la-Mer,102529062
1052,1.0,6,20,9,Saintes-Maries-de-la-Mer,102529062
1069,0.0,6,22,12,Saintes-Maries-de-la-Mer,102529062
1047,0.0,6,19,18,Saintes-Maries-de-la-Mer,102529062
1079,0.0,6,23,18,Saintes-Maries-de-la-Mer,102529062
1063,0.0,6,21,18,Saintes-Maries-de-la-Mer,102529062
1055,0.0,6,20,18,Saintes-Maries-de-la-Mer,102529062
1053,1.0,6,20,12,Saintes-Maries-de-la-Mer,102529062
1070,0.0,6,22,15,Saintes-Maries-de-la-Mer,102529062
1062,0.0,6,21,15,Saintes-Maries-de-la-Mer,102529062
1054,0.0,6,20,15,Saintes-Maries-de-la-Mer,102529062
1046,0.0,6,19,15,Saintes-Maries-de-la-Mer,102529062
1077,0.0,6,23,12,Saintes-Maries-de-la-Mer,102529062
1061,0.0,6,21,12,Saintes-Maries-de-la-Mer,102529062
1015,0.04,6,20,18,Aigues-Mortes,102716851
1007,0.0,6,19,18,Aigues-Mortes,102716851
1039,0.0,6,23,18,Aigues-Mortes,102716851
1031,0.2,6,22,18,Aigues-Mortes,102716851
1023,0.0,6,21,18,Aigues-Mortes,102716851
1036,0.0,6,23,9,Aigues-Mortes,102716851
1020,0.0,6,21,9,Aigues-Mortes,102716851
1028,0.0,6,22,9,Aigues-Mortes,102716851
1004,0.0,6,19,9,Aigues-Mortes,102716851
1006,0.0,6,19,15,Aigues-Mortes,102716851
1014,0.34,6,20,15,Aigues-Mortes,102716851
1022,0.0,6,21,15,Aigues-Mortes,102716851
1030,0.0,6,22,15,Aigues-Mortes,102716851
1038,0.0,6,23,15,Aigues-Mortes,102716851
1005,0.2,6,19,12,Aigues-Mortes,102716851
1013,1.0,6,20,12,Aigues-Mortes,102716851
1012,1.0,6,20,9,Aigues-Mortes,102716851
1021,0.0,6,21,12,Aigues-Mortes,102716851
1029,0.0,6,22,12,Aigues-Mortes,102716851
1037,0.0,6,23,12,Aigues-Mortes,102716851
870,0.0,6,22,15,Aix-en-Provence,102741999
862,0.0,6,21,15,Aix-en-Provence,102741999
854,0.2,6,20,15,Aix-en-Provence,102741999
846,0.07,6,19,15,Aix-en-Provence,102741999
847,0.27,6,19,18,Aix-en-Provence,102741999
844,0.0,6,19,9,Aix-en-Provence,102741999
861,0.0,6,21,12,Aix-en-Provence,102741999
853,0.0,6,20,12,Aix-en-Provence,102741999
878,0.0,6,23,15,Aix-en-Provence,102741999
845,0.0,6,19,12,Aix-en-Provence,102741999
869,0.0,6,22,12,Aix-en-Provence,102741999
877,0.0,6,23,12,Aix-en-Provence,102741999
855,0.0,6,20,18,Aix-en-Provence,102741999
863,0.0,6,21,18,Aix-en-Provence,102741999
871,0.0,6,22,18,Aix-en-Provence,102741999
868,0.0,6,22,9,Aix-en-Provence,102741999
876,0.0,6,23,9,Aix-en-Provence,102741999
879,0.0,6,23,18,Aix-en-Provence,102741999
852,0.64,6,20,9,Aix-en-Provence,102741999
860,0.0,6,21,9,Aix-en-Provence,102741999
1199,0.32,6,23,18,Tarascon-sur-Ariège,103773365
1181,0.76,6,21,12,Tarascon-sur-Ariège,103773365
1166,0.98,6,19,15,Tarascon-sur-Ariège,103773365
1174,1.0,6,20,15,Tarascon-sur-Ariège,103773365
1191,0.92,6,22,18,Tarascon-sur-Ariège,103773365
1173,1.0,6,20,12,Tarascon-sur-Ariège,103773365
1165,0.2,6,19,12,Tarascon-sur-Ariège,103773365
1190,0.0,6,22,15,Tarascon-sur-Ariège,103773365
1198,0.95,6,23,15,Tarascon-sur-Ariège,103773365
1197,0.9,6,23,12,Tarascon-sur-Ariège,103773365
1167,0.98,6,19,18,Tarascon-sur-Ariège,103773365
1175,1.0,6,20,18,Tarascon-sur-Ariège,103773365
1183,0.27,6,21,18,Tarascon-sur-Ariège,103773365
1196,1.0,6,23,9,Tarascon-sur-Ariège,103773365
1188,0.41,6,22,9,Tarascon-sur-Ariège,103773365
1180,0.0,6,21,9,Tarascon-sur-Ariège,103773365
1172,0.25,6,20,9,Tarascon-sur-Ariège,103773365
1164,0.0,6,19,9,Tarascon-sur-Ariège,103773365
1182,0.5,6,21,15,Tarascon-sur-Ariège,103773365
1189,0.26,6,22,12,Tarascon-sur-Ariège,103773365
1108,0.0,6,22,9,Collioure,103975931
1102,0.27,6,21,15,Collioure,103975931
1116,0.37,6,23,9,Collioure,103975931
1085,0.0,6,19,12,Collioure,103975931
1093,1.0,6,20,12,Collioure,103975931
1118,0.0,6,23,15,Collioure,103975931
1101,0.0,6,21,12,Collioure,103975931
1109,0.0,6,22,12,Collioure,103975931
1117,0.06,6,23,12,Collioure,103975931
1110,0.0,6,22,15,Collioure,103975931
1095,0.0,6,20,18,Collioure,103975931
1111,0.0,6,22,18,Collioure,103975931
1103,0.12,6,21,18,Collioure,103975931
1092,1.0,6,20,9,Collioure,103975931
1087,0.0,6,19,18,Collioure,103975931
1100,0.0,6,21,9,Collioure,103975931
1084,0.0,6,19,9,Collioure,103975931
1086,0.0,6,19,15,Collioure,103975931
1094,0.0,6,20,15,Collioure,103975931
1119,0.0,6,23,18,Collioure,103975931
1157,0.65,6,23,12,Carcassonne,104358485
1141,0.0,6,21,12,Carcassonne,104358485
1133,0.99,6,20,12,Carcassonne,104358485
1125,0.0,6,19,12,Carcassonne,104358485
1149,0.0,6,22,12,Carcassonne,104358485
1156,0.86,6,23,9,Carcassonne,104358485
1124,0.0,6,19,9,Carcassonne,104358485
1143,0.0,6,21,18,Carcassonne,104358485
1135,0.0,6,20,18,Carcassonne,104358485
1127,0.0,6,19,18,Carcassonne,104358485
1158,0.0,6,23,15,Carcassonne,104358485
1150,0.2,6,22,15,Carcassonne,104358485
1142,0.0,6,21,15,Carcassonne,104358485
1134,0.3,6,20,15,Carcassonne,104358485
1126,0.0,6,19,15,Carcassonne,104358485
1151,0.99,6,22,18,Carcassonne,104358485
1159,0.0,6,23,18,Carcassonne,104358485
1132,0.25,6,20,9,Carcassonne,104358485
1140,0.0,6,21,9,Carcassonne,104358485
1148,0.0,6,22,9,Carcassonne,104358485
1244,0.0,6,19,9,Montauban,105191250
1277,0.0,6,23,12,Montauban,105191250
1279,0.2,6,23,18,Montauban,105191250
1271,0.39,6,22,18,Montauban,105191250
1247,0.94,6,19,18,Montauban,105191250
1255,1.0,6,20,18,Montauban,105191250
1246,0.49,6,19,15,Montauban,105191250
1252,0.2,6,20,9,Montauban,105191250
1260,0.2,6,21,9,Montauban,105191250
1268,1.0,6,22,9,Montauban,105191250
1276,0.0,6,23,9,Montauban,105191250
1269,1.0,6,22,12,Montauban,105191250
1261,0.2,6,21,12,Montauban,105191250
1253,1.0,6,20,12,Montauban,105191250
1245,0.0,6,19,12,Montauban,105191250
1254,1.0,6,20,15,Montauban,105191250
1263,0.0,6,21,18,Montauban,105191250
1278,0.0,6,23,15,Montauban,105191250
1270,0.14,6,22,15,Montauban,105191250
1262,0.39,6,21,15,Montauban,105191250
950,0.39,6,22,15,Uzès,106427400
934,0.34,6,20,15,Uzès,106427400
926,0.0,6,19,15,Uzès,106427400
951,0.0,6,22,18,Uzès,106427400
959,0.0,6,23,18,Uzès,106427400
925,0.0,6,19,12,Uzès,106427400
941,0.0,6,21,12,Uzès,106427400
949,0.0,6,22,12,Uzès,106427400
957,0.0,6,23,12,Uzès,106427400
942,0.0,6,21,15,Uzès,106427400
958,0.0,6,23,15,Uzès,106427400
933,1.0,6,20,12,Uzès,106427400
927,0.0,6,19,18,Uzès,106427400
935,0.23,6,20,18,Uzès,106427400
924,0.0,6,19,9,Uzès,106427400
943,0.0,6,21,18,Uzès,106427400
956,0.0,6,23,9,Uzès,106427400
948,0.0,6,22,9,Uzès,106427400
940,0.0,6,21,9,Uzès,106427400
932,1.0,6,20,9,Uzès,106427400
589,0.99,6,22,12,Annecy,107354879
575,0.8,6,20,18,Annecy,107354879
583,1.0,6,21,18,Annecy,107354879
591,1.0,6,22,18,Annecy,107354879
599,1.0,6,23,18,Annecy,107354879
597,1.0,6,23,12,Annecy,107354879
564,0.0,6,19,9,Annecy,107354879
572,1.0,6,20,9,Annecy,107354879
581,1.0,6,21,12,Annecy,107354879
588,0.24,6,22,9,Annecy,107354879
596,0.66,6,23,9,Annecy,107354879
566,0.0,6,19,15,Annecy,107354879
567,0.0,6,19,18,Annecy,107354879
598,1.0,6,23,15,Annecy,107354879
590,1.0,6,22,15,Annecy,107354879
582,1.0,6,21,15,Annecy,107354879
574,1.0,6,20,15,Annecy,107354879
580,1.0,6,21,9,Annecy,107354879
573,1.0,6,20,12,Annecy,107354879
565,0.0,6,19,12,Annecy,107354879
631,1.0,6,22,18,Grenoble,108194303
639,0.97,6,23,18,Grenoble,108194303
623,1.0,6,21,18,Grenoble,108194303
615,0.8,6,20,18,Grenoble,108194303
606,0.0,6,19,15,Grenoble,108194303
638,0.87,6,23,15,Grenoble,108194303
630,1.0,6,22,15,Grenoble,108194303
622,1.0,6,21,15,Grenoble,108194303
607,0.0,6,19,18,Grenoble,108194303
614,1.0,6,20,15,Grenoble,108194303
613,1.0,6,20,12,Grenoble,108194303
605,0.0,6,19,12,Grenoble,108194303
637,1.0,6,23,12,Grenoble,108194303
629,0.98,6,22,12,Grenoble,108194303
621,1.0,6,21,12,Grenoble,108194303
636,1.0,6,23,9,Grenoble,108194303
604,0.0,6,19,9,Grenoble,108194303
628,0.0,6,22,9,Grenoble,108194303
620,1.0,6,21,9,Grenoble,108194303
612,1.0,6,20,9,Grenoble,108194303
670,1.0,6,22,15,Lyon,108560795
662,0.0,6,21,15,Lyon,108560795
654,1.0,6,20,15,Lyon,108560795
646,0.0,6,19,15,Lyon,108560795
647,0.0,6,19,18,Lyon,108560795
644,0.0,6,19,9,Lyon,108560795
652,0.25,6,20,9,Lyon,108560795
660,0.37,6,21,9,Lyon,108560795
668,0.0,6,22,9,Lyon,108560795
678,0.0,6,23,15,Lyon,108560795
676,0.0,6,23,9,Lyon,108560795
677,0.09,6,23,12,Lyon,108560795
645,0.0,6,19,12,Lyon,108560795
669,0.78,6,22,12,Lyon,108560795
661,0.23,6,21,12,Lyon,108560795
679,0.2,6,23,18,Lyon,108560795
671,1.0,6,22,18,Lyon,108560795
653,1.0,6,20,12,Lyon,108560795
663,0.0,6,21,18,Lyon,108560795
655,0.72,6,20,18,Lyon,108560795
486,0.06,6,19,15,Besançon,110217040
494,0.9,6,20,15,Besançon,110217040
502,0.2,6,21,15,Besançon,110217040
510,1.0,6,22,15,Besançon,110217040
500,1.0,6,21,9,Besançon,110217040
508,0.21,6,22,9,Besançon,110217040
487,0.82,6,19,18,Besançon,110217040
495,0.74,6,20,18,Besançon,110217040
503,0.0,6,21,18,Besançon,110217040
484,0.0,6,19,9,Besançon,110217040
492,0.98,6,20,9,Besançon,110217040
518,1.0,6,23,15,Besançon,110217040
516,0.2,6,23,9,Besançon,110217040
519,1.0,6,23,18,Besançon,110217040
485,0.0,6,19,12,Besançon,110217040
517,0.41,6,23,12,Besançon,110217040
509,1.0,6,22,12,Besançon,110217040
501,1.0,6,21,12,Besançon,110217040
493,0.87,6,20,12,Besançon,110217040
511,1.0,6,22,18,Besançon,110217040
541,0.39,6,21,12,Dijon,111540922
533,1.0,6,20,12,Dijon,111540922
525,0.0,6,19,12,Dijon,111540922
550,0.95,6,22,15,Dijon,111540922
524,0.06,6,19,9,Dijon,111540922
532,1.0,6,20,9,Dijon,111540922
540,0.22,6,21,9,Dijon,111540922
548,0.22,6,22,9,Dijon,111540922
556,0.32,6,23,9,Dijon,111540922
558,1.0,6,23,15,Dijon,111540922
542,0.38,6,21,15,Dijon,111540922
534,1.0,6,20,15,Dijon,111540922
559,1.0,6,23,18,Dijon,111540922
526,0.63,6,19,15,Dijon,111540922
543,0.0,6,21,18,Dijon,111540922
549,1.0,6,22,12,Dijon,111540922
551,1.0,6,22,18,Dijon,111540922
527,1.0,6,19,18,Dijon,111540922
535,1.0,6,20,18,Dijon,111540922
557,1.0,6,23,12,Dijon,111540922
213,0.59,6,20,12,Paris,114827617
230,1.0,6,22,15,Paris,114827617
222,1.0,6,21,15,Paris,114827617
214,0.2,6,20,15,Paris,114827617
206,0.0,6,19,15,Paris,114827617
239,0.2,6,23,18,Paris,114827617
221,1.0,6,21,12,Paris,114827617
231,1.0,6,22,18,Paris,114827617
229,1.0,6,22,12,Paris,114827617
236,0.06,6,23,9,Paris,114827617
228,1.0,6,22,9,Paris,114827617
220,0.88,6,21,9,Paris,114827617
212,0.0,6,20,9,Paris,114827617
204,0.0,6,19,9,Paris,114827617
223,0.94,6,21,18,Paris,114827617
215,0.0,6,20,18,Paris,114827617
207,0.0,6,19,18,Paris,114827617
205,0.0,6,19,12,Paris,114827617
238,0.29,6,23,15,Paris,114827617
237,0.73,6,23,12,Paris,114827617
164,0.0,6,19,9,Rouen,116490697
181,1.0,6,21,12,Rouen,116490697
173,0.0,6,20,12,Rouen,116490697
189,1.0,6,22,12,Rouen,116490697
197,0.79,6,23,12,Rouen,116490697
165,0.2,6,19,12,Rouen,116490697
172,0.0,6,20,9,Rouen,116490697
166,0.56,6,19,15,Rouen,116490697
199,0.01,6,23,18,Rouen,116490697
188,1.0,6,22,9,Rouen,116490697
196,0.2,6,23,9,Rouen,116490697
167,0.0,6,19,18,Rouen,116490697
198,0.36,6,23,15,Rouen,116490697
190,1.0,6,22,15,Rouen,116490697
182,0.77,6,21,15,Rouen,116490697
174,0.74,6,20,15,Rouen,116490697
180,1.0,6,21,9,Rouen,116490697
191,0.74,6,22,18,Rouen,116490697
183,0.18,6,21,18,Rouen,116490697
175,0.29,6,20,18,Rouen,116490697
261,1.0,6,21,12,Amiens,116694242
276,0.2,6,23,9,Amiens,116694242
260,0.54,6,21,9,Amiens,116694242
268,1.0,6,22,9,Amiens,116694242
279,1.0,6,23,18,Amiens,116694242
252,0.0,6,20,9,Amiens,116694242
244,0.0,6,19,9,Amiens,116694242
253,0.0,6,20,12,Amiens,116694242
254,0.0,6,20,15,Amiens,116694242
246,0.0,6,19,15,Amiens,116694242
278,1.0,6,23,15,Amiens,116694242
270,0.82,6,22,15,Amiens,116694242
271,0.34,6,22,18,Amiens,116694242
277,1.0,6,23,12,Amiens,116694242
262,1.0,6,21,15,Amiens,116694242
245,0.2,6,19,12,Amiens,116694242
263,1.0,6,21,18,Amiens,116694242
255,0.9,6,20,18,Amiens,116694242
247,0.0,6,19,18,Amiens,116694242
269,1.0,6,22,12,Amiens,116694242
124,0.0,6,19,9,Le Havre,116797886
127,0.03,6,19,18,Le Havre,116797886
135,0.46,6,20,18,Le Havre,116797886
143,0.55,6,21,18,Le Havre,116797886
151,0.12,6,22,18,Le Havre,116797886
157,0.0,6,23,12,Le Havre,116797886
140,1.0,6,21,9,Le Havre,116797886
132,0.0,6,20,9,Le Havre,116797886
158,0.0,6,23,15,Le Havre,116797886
150,0.41,6,22,15,Le Havre,116797886
142,0.9,6,21,15,Le Havre,116797886
134,0.25,6,20,15,Le Havre,116797886
126,0.22,6,19,15,Le Havre,116797886
159,0.0,6,23,18,Le Havre,116797886
125,0.0,6,19,12,Le Havre,116797886
133,0.0,6,20,12,Le Havre,116797886
141,1.0,6,21,12,Le Havre,116797886
149,0.94,6,22,12,Le Havre,116797886
156,0.0,6,23,9,Le Havre,116797886
148,1.0,6,22,9,Le Havre,116797886
285,0.0,6,19,12,Lille,118533424
319,0.08,6,23,18,Lille,118533424
294,0.0,6,20,15,Lille,118533424
284,0.0,6,19,9,Lille,118533424
316,0.2,6,23,9,Lille,118533424
308,0.0,6,22,9,Lille,118533424
300,1.0,6,21,9,Lille,118533424
292,0.0,6,20,9,Lille,118533424
302,1.0,6,21,15,Lille,118533424
286,0.0,6,19,15,Lille,118533424
310,0.0,6,22,15,Lille,118533424
293,0.0,6,20,12,Lille,118533424
287,0.0,6,19,18,Lille,118533424
301,1.0,6,21,12,Lille,118533424
309,0.36,6,22,12,Lille,118533424
317,0.71,6,23,12,Lille,118533424
311,0.2,6,22,18,Lille,118533424
303,1.0,6,21,18,Lille,118533424
295,0.0,6,20,18,Lille,118533424
318,0.79,6,23,15,Lille,118533424
415,0.2,6,20,18,Colmar,136331572
423,0.0,6,21,18,Colmar,136331572
422,0.33,6,21,15,Colmar,136331572
430,0.98,6,22,15,Colmar,136331572
414,0.16,6,20,15,Colmar,136331572
431,0.89,6,22,18,Colmar,136331572
405,1.0,6,19,12,Colmar,136331572
439,1.0,6,23,18,Colmar,136331572
438,1.0,6,23,15,Colmar,136331572
413,0.0,6,20,12,Colmar,136331572
436,0.83,6,23,9,Colmar,136331572
429,1.0,6,22,12,Colmar,136331572
406,1.0,6,19,15,Colmar,136331572
407,0.84,6,19,18,Colmar,136331572
437,0.96,6,23,12,Colmar,136331572
428,1.0,6,22,9,Colmar,136331572
420,1.0,6,21,9,Colmar,136331572
412,0.0,6,20,9,Colmar,136331572
404,0.75,6,19,9,Colmar,136331572
421,1.0,6,21,12,Colmar,136331572
375,0.29,6,20,18,Château du Haut-Kœnigsbourg,136411398
399,1.0,6,23,18,Château du Haut-Kœnigsbourg,136411398
391,0.75,6,22,18,Château du Haut-Kœnigsbourg,136411398
383,0.0,6,21,18,Château du Haut-Kœnigsbourg,136411398
367,0.68,6,19,18,Château du Haut-Kœnigsbourg,136411398
380,1.0,6,21,9,Château du Haut-Kœnigsbourg,136411398
372,0.0,6,20,9,Château du Haut-Kœnigsbourg,136411398
365,1.0,6,19,12,Château du Haut-Kœnigsbourg,136411398
373,0.0,6,20,12,Château du Haut-Kœnigsbourg,136411398
381,1.0,6,21,12,Château du Haut-Kœnigsbourg,136411398
389,1.0,6,22,12,Château du Haut-Kœnigsbourg,136411398
397,0.36,6,23,12,Château du Haut-Kœnigsbourg,136411398
364,0.33,6,19,9,Château du Haut-Kœnigsbourg,136411398
398,1.0,6,23,15,Château du Haut-Kœnigsbourg,136411398
382,0.0,6,21,15,Château du Haut-Kœnigsbourg,136411398
366,0.94,6,19,15,Château du Haut-Kœnigsbourg,136411398
396,0.23,6,23,9,Château du Haut-Kœnigsbourg,136411398
388,1.0,6,22,9,Château du Haut-Kœnigsbourg,136411398
390,0.97,6,22,15,Château du Haut-Kœnigsbourg,136411398
374,0.04,6,20,15,Château du Haut-Kœnigsbourg,136411398
471,0.89,6,22,18,Eguisheim,136516441
447,0.92,6,19,18,Eguisheim,136516441
479,1.0,6,23,18,Eguisheim,136516441
463,0.01,6,21,18,Eguisheim,136516441
470,1.0,6,22,15,Eguisheim,136516441
444,0.85,6,19,9,Eguisheim,136516441
452,0.0,6,20,9,Eguisheim,136516441
460,1.0,6,21,9,Eguisheim,136516441
468,1.0,6,22,9,Eguisheim,136516441
476,1.0,6,23,9,Eguisheim,136516441
478,1.0,6,23,15,Eguisheim,136516441
453,0.0,6,20,12,Eguisheim,136516441
461,1.0,6,21,12,Eguisheim,136516441
469,1.0,6,22,12,Eguisheim,136516441
477,1.0,6,23,12,Eguisheim,136516441
455,0.33,6,20,18,Eguisheim,136516441
445,1.0,6,19,12,Eguisheim,136516441
454,0.29,6,20,15,Eguisheim,136516441
446,1.0,6,19,15,Eguisheim,136516441
462,0.33,6,21,15,Eguisheim,136516441
116,0.0,6,23,9,Bayeux,276101915
94,0.2,6,20,15,Bayeux,276101915
86,0.92,6,19,15,Bayeux,276101915
119,0.0,6,23,18,Bayeux,276101915
111,0.0,6,22,18,Bayeux,276101915
103,0.0,6,21,18,Bayeux,276101915
95,0.97,6,20,18,Bayeux,276101915
87,0.72,6,19,18,Bayeux,276101915
109,1.0,6,22,12,Bayeux,276101915
101,1.0,6,21,12,Bayeux,276101915
93,0.0,6,20,12,Bayeux,276101915
84,0.0,6,19,9,Bayeux,276101915
102,0.0,6,21,15,Bayeux,276101915
92,0.0,6,20,9,Bayeux,276101915
100,1.0,6,21,9,Bayeux,276101915
108,0.49,6,22,9,Bayeux,276101915
110,0.2,6,22,15,Bayeux,276101915
118,0.0,6,23,15,Bayeux,276101915
85,0.0,6,19,12,Bayeux,276101915
117,0.0,6,23,12,Bayeux,276101915
37,0.0,6,23,12,Mont Saint-Michel,276970680
29,1.0,6,22,12,Mont Saint-Michel,276970680
21,0.5,6,21,12,Mont Saint-Michel,276970680
13,0.2,6,20,12,Mont Saint-Michel,276970680
5,0.99,6,19,12,Mont Saint-Michel,276970680
4,0.0,6,19,9,Mont Saint-Michel,276970680
7,1.0,6,19,18,Mont Saint-Michel,276970680
38,0.0,6,23,15,Mont Saint-Michel,276970680
36,0.0,6,23,9,Mont Saint-Michel,276970680
30,0.0,6,22,15,Mont Saint-Michel,276970680
28,1.0,6,22,9,Mont Saint-Michel,276970680
39,0.0,6,23,18,Mont Saint-Michel,276970680
31,0.0,6,22,18,Mont Saint-Michel,276970680
23,0.2,6,21,18,Mont Saint-Michel,276970680
15,1.0,6,20,18,Mont Saint-Michel,276970680
22,0.0,6,21,15,Mont Saint-Michel,276970680
20,0.7,6,21,9,Mont Saint-Michel,276970680
12,0.0,6,20,9,Mont Saint-Michel,276970680
6,1.0,6,19,15,Mont Saint-Michel,276970680
14,1.0,6,20,15,Mont Saint-Michel,276970680
52,0.0,6,20,9,Saint-Malo,277106181
76,0.0,6,23,9,Saint-Malo,277106181
44,0.0,6,19,9,Saint-Malo,277106181
60,0.0,6,21,9,Saint-Malo,277106181
68,0.92,6,22,9,Saint-Malo,277106181
46,1.0,6,19,15,Saint-Malo,277106181
79,0.0,6,23,18,Saint-Malo,277106181
62,0.0,6,21,15,Saint-Malo,277106181
70,0.0,6,22,15,Saint-Malo,277106181
47,1.0,6,19,18,Saint-Malo,277106181
55,1.0,6,20,18,Saint-Malo,277106181
63,0.0,6,21,18,Saint-Malo,277106181
71,0.0,6,22,18,Saint-Malo,277106181
77,0.0,6,23,12,Saint-Malo,277106181
54,1.0,6,20,15,Saint-Malo,277106181
69,0.38,6,22,12,Saint-Malo,277106181
61,0.0,6,21,12,Saint-Malo,277106181
53,0.0,6,20,12,Saint-Malo,277106181
45,0.26,6,19,12,Saint-Malo,277106181
78,0.0,6,23,15,Saint-Malo,277106181
1375,0.96,6,20,18,La Rochelle,280762466
1367,0.0,6,19,18,La Rochelle,280762466
1383,0.2,6,21,18,La Rochelle,280762466
1397,0.2,6,23,12,La Rochelle,280762466
1399,0.0,6,23,18,La Rochelle,280762466
1380,1.0,6,21,9,La Rochelle,280762466
1372,1.0,6,20,9,La Rochelle,280762466
1364,1.0,6,19,9,La Rochelle,280762466
1365,0.84,6,19,12,La Rochelle,280762466
1373,1.0,6,20,12,La Rochelle,280762466
1381,0.76,6,21,12,La Rochelle,280762466
1389,0.04,6,22,12,La Rochelle,280762466
1391,0.0,6,22,18,La Rochelle,280762466
1388,0.56,6,22,9,La Rochelle,280762466
1396,0.0,6,23,9,La Rochelle,280762466
1398,0.0,6,23,15,La Rochelle,280762466
1374,0.99,6,20,15,La Rochelle,280762466
1382,0.0,6,21,15,La Rochelle,280762466
1390,0.0,6,22,15,La Rochelle,280762466
1366,0.0,6,19,15,La Rochelle,280762466
1350,1.0,6,22,15,Bayonne,281543649
1357,1.0,6,23,12,Bayonne,281543649
1349,0.48,6,22,12,Bayonne,281543649
1341,0.0,6,21,12,Bayonne,281543649
1333,1.0,6,20,12,Bayonne,281543649
1325,0.22,6,19,12,Bayonne,281543649
1332,0.65,6,20,9,Bayonne,281543649
1340,0.31,6,21,9,Bayonne,281543649
1348,0.08,6,22,9,Bayonne,281543649
1356,1.0,6,23,9,Bayonne,281543649
1343,0.0,6,21,18,Bayonne,281543649
1351,1.0,6,22,18,Bayonne,281543649
1359,0.04,6,23,18,Bayonne,281543649
1324,0.34,6,19,9,Bayonne,281543649
1358,1.0,6,23,15,Bayonne,281543649
1342,0.0,6,21,15,Bayonne,281543649
1327,0.2,6,19,18,Bayonne,281543649
1334,1.0,6,20,15,Bayonne,281543649
1326,0.0,6,19,15,Bayonne,281543649
1335,1.0,6,20,18,Bayonne,281543649
1285,0.31,6,19,12,Biarritz,283462568
1293,1.0,6,20,12,Biarritz,283462568
1301,0.0,6,21,12,Biarritz,283462568
1309,0.54,6,22,12,Biarritz,283462568
1317,1.0,6,23,12,Biarritz,283462568
1319,0.18,6,23,18,Biarritz,283462568
1311,1.0,6,22,18,Biarritz,283462568
1300,0.27,6,21,9,Biarritz,283462568
1284,0.27,6,19,9,Biarritz,283462568
1308,0.14,6,22,9,Biarritz,283462568
1286,0.0,6,19,15,Biarritz,283462568
1294,1.0,6,20,15,Biarritz,283462568
1303,0.0,6,21,18,Biarritz,283462568
1295,1.0,6,20,18,Biarritz,283462568
1287,0.2,6,19,18,Biarritz,283462568
1302,0.0,6,21,15,Biarritz,283462568
1310,1.0,6,22,15,Biarritz,283462568
1318,1.0,6,23,15,Biarritz,283462568
1292,0.65,6,20,9,Biarritz,283462568
1316,1.0,6,23,9,Biarritz,283462568
1207,0.28,6,19,18,Toulouse,376688237
1236,0.34,6,23,9,Toulouse,376688237
1228,0.25,6,22,9,Toulouse,376688237
1239,0.0,6,23,18,Toulouse,376688237
1231,0.0,6,22,18,Toulouse,376688237
1223,0.0,6,21,18,Toulouse,376688237
1215,1.0,6,20,18,Toulouse,376688237
1220,0.0,6,21,9,Toulouse,376688237
1204,0.0,6,19,9,Toulouse,376688237
1212,0.78,6,20,9,Toulouse,376688237
1213,1.0,6,20,12,Toulouse,376688237
1222,0.2,6,21,15,Toulouse,376688237
1206,0.2,6,19,15,Toulouse,376688237
1214,0.2,6,20,15,Toulouse,376688237
1237,0.0,6,23,12,Toulouse,376688237
1238,0.0,6,23,15,Toulouse,376688237
1230,0.2,6,22,15,Toulouse,376688237
1205,0.2,6,19,12,Toulouse,376688237
1229,0.0,6,22,12,Toulouse,376688237
1221,0.0,6,21,12,Toulouse,376688237
358,1.0,6,23,15,Strasbourg,381804960
356,0.38,6,23,9,Strasbourg,381804960
348,0.23,6,22,9,Strasbourg,381804960
333,0.0,6,20,12,Strasbourg,381804960
327,0.0,6,19,18,Strasbourg,381804960
335,0.32,6,20,18,Strasbourg,381804960
343,0.91,6,21,18,Strasbourg,381804960
340,1.0,6,21,9,Strasbourg,381804960
332,0.0,6,20,9,Strasbourg,381804960
324,0.2,6,19,9,Strasbourg,381804960
341,1.0,6,21,12,Strasbourg,381804960
342,1.0,6,21,15,Strasbourg,381804960
350,1.0,6,22,15,Strasbourg,381804960
351,1.0,6,22,18,Strasbourg,381804960
325,0.2,6,19,12,Strasbourg,381804960
326,0.0,6,19,15,Strasbourg,381804960
349,1.0,6,22,12,Strasbourg,381804960
357,0.88,6,23,12,Strasbourg,381804960
359,1.0,6,23,18,Strasbourg,381804960
334,0.28,6,20,15,Strasbourg,381804960
805,0.0,6,19,12,Marseille,387540349
813,0.0,6,20,12,Marseille,387540349
821,0.0,6,21,12,Marseille,387540349
829,0.0,6,22,12,Marseille,387540349
837,0.0,6,23,12,Marseille,387540349
839,0.0,6,23,18,Marseille,387540349
831,0.0,6,22,18,Marseille,387540349
836,0.0,6,23,9,Marseille,387540349
823,0.0,6,21,18,Marseille,387540349
815,0.0,6,20,18,Marseille,387540349
804,0.0,6,19,9,Marseille,387540349
812,1.0,6,20,9,Marseille,387540349
820,0.0,6,21,9,Marseille,387540349
822,0.0,6,21,15,Marseille,387540349
814,0.2,6,20,15,Marseille,387540349
806,0.84,6,19,15,Marseille,387540349
807,0.87,6,19,18,Marseille,387540349
828,0.0,6,22,9,Marseille,387540349
830,0.0,6,22,15,Marseille,387540349
838,0.0,6,23,15,Marseille,387540349
